user_id,signup_date,plan_tier
user_0,2025-11-20,pro
user_1,2026-05-07,pro
user_2,2026-02-14,basic
user_3,2025-12-09,basic
user_4,2025-11-05,basic
user_5,2026-01-08,pro
user_6,2026-04-24,pro
user_7,2026-05-30,basic
user_8,2026-05-13,pro
user_9,2025-08-31,basic
user_10,2025-09-27,basic
user_11,2026-01-26,basic
user_12,2026-02-13,basic
user_13,2026-02-15,basic
user_14,2025-09-29,basic
user_15,2026-04-10,basic
user_16,2025-12-18,pro
user_17,2025-12-22,basic
user_18,2026-01-23,basic
user_19,2025-11-06,enterprise
user_20,2026-04-08,basic
user_21,2025-10-01,basic
user_22,2025-11-09,basic
user_23,2026-04-30,basic
user_24,2026-03-03,basic
user_25,2025-09-28,pro
user_26,2025-08-11,basic
user_27,2025-10-02,basic
user_28,2026-02-16,pro
user_29,2025-09-22,enterprise
user_30,2026-05-06,pro
user_31,2026-05-07,basic
user_32,2026-03-12,basic
user_33,2026-02-15,basic
user_34,2026-03-05,pro
user_35,2025-10-01,basic
user_36,2026-03-14,basic
user_37,2025-09-19,basic
user_38,2025-10-13,basic
user_39,2025-08-18,pro
user_40,2025-12-23,basic
user_41,2025-12-26,basic
user_42,2026-01-19,pro
user_43,2026-04-27,enterprise
user_44,2025-09-19,enterprise
user_45,2026-02-26,pro
user_46,2025-09-11,basic
user_47,2025-10-10,basic
user_48,2025-11-16,basic
user_49,2026-03-11,pro
user_50,2026-03-24,basic
user_51,2025-12-18,pro
user_52,2026-03-15,basic
user_53,2026-05-19,basic
user_54,2025-08-24,basic
user_55,2026-02-04,basic
user_56,2026-03-28,basic
user_57,2025-11-13,pro
user_58,2026-03-28,basic
user_59,2026-01-27,basic
user_60,2025-08-22,basic
user_61,2026-02-12,pro
user_62,2026-05-20,enterprise
user_63,2025-09-23,basic
user_64,2025-12-21,basic
user_65,2025-11-25,basic
user_66,2026-05-22,pro
user_67,2025-12-15,pro
user_68,2026-03-28,enterprise
user_69,2026-05-19,basic
user_70,2025-12-03,basic
user_71,2026-04-25,basic
user_72,2025-12-24,basic
user_73,2026-03-22,basic
user_74,2026-01-28,basic
user_75,2026-01-16,basic
user_76,2026-03-30,basic
user_77,2025-09-30,basic
user_78,2026-05-31,basic
user_79,2025-11-30,basic
user_80,2025-10-29,basic
user_81,2025-08-11,basic
user_82,2025-10-02,basic
user_83,2026-03-21,enterprise
user_84,2025-12-13,basic
user_85,2026-01-28,basic
user_86,2026-02-23,basic
user_87,2026-02-28,basic
user_88,2026-04-21,pro
user_89,2025-11-15,pro
user_90,2026-04-06,pro
user_91,2026-02-26,basic
user_92,2026-04-25,basic
user_93,2026-01-03,basic
user_94,2026-02-24,basic
user_95,2025-12-15,basic
user_96,2025-12-16,pro
user_97,2026-01-07,basic
user_98,2026-06-03,basic
user_99,2026-04-18,basic
user_100,2025-11-29,basic
user_101,2025-10-08,basic
user_102,2026-04-20,pro
user_103,2025-09-15,pro
user_104,2025-08-18,basic
user_105,2026-01-03,pro
user_106,2025-12-18,pro
user_107,2025-10-02,pro
user_108,2025-12-03,basic
user_109,2025-11-21,pro
user_110,2026-03-24,basic
user_111,2025-11-16,enterprise
user_112,2026-02-19,pro
user_113,2026-03-05,enterprise
user_114,2026-01-17,basic
user_115,2026-05-13,basic
user_116,2025-12-22,pro
user_117,2025-12-15,basic
user_118,2025-08-31,basic
user_119,2025-09-16,enterprise
user_120,2025-09-29,pro
user_121,2026-05-19,basic
user_122,2026-05-13,basic
user_123,2026-05-20,pro
user_124,2026-01-03,basic
user_125,2026-02-17,pro
user_126,2025-08-26,enterprise
user_127,2026-01-14,enterprise
user_128,2025-08-15,basic
user_129,2026-03-30,enterprise
user_130,2026-02-06,basic
user_131,2026-02-13,pro
user_132,2026-02-16,basic
user_133,2026-01-17,basic
user_134,2025-12-15,basic
user_135,2026-03-20,pro
user_136,2026-01-30,basic
user_137,2026-05-24,pro
user_138,2026-01-07,basic
user_139,2026-01-11,basic
user_140,2026-05-09,pro
user_141,2026-06-04,pro
user_142,2025-09-17,basic
user_143,2026-04-13,basic
user_144,2025-08-22,basic
user_145,2025-09-14,pro
user_146,2026-04-30,pro
user_147,2025-12-29,pro
user_148,2025-12-30,basic
user_149,2026-05-24,basic
user_150,2025-09-29,basic
user_151,2025-10-11,enterprise
user_152,2026-01-06,basic
user_153,2026-02-05,basic
user_154,2026-05-07,basic
user_155,2025-11-18,basic
user_156,2025-10-01,basic
user_157,2025-11-25,pro
user_158,2026-02-21,pro
user_159,2025-09-25,pro
user_160,2025-12-31,enterprise
user_161,2025-12-11,pro
user_162,2026-01-03,pro
user_163,2026-05-11,basic
user_164,2026-03-26,basic
user_165,2026-05-15,basic
user_166,2025-12-16,basic
user_167,2025-08-10,basic
user_168,2025-11-13,basic
user_169,2025-09-26,basic
user_170,2026-04-03,basic
user_171,2026-05-08,basic
user_172,2026-02-17,basic
user_173,2026-05-14,pro
user_174,2025-10-24,basic
user_175,2025-11-03,basic
user_176,2026-03-17,basic
user_177,2025-11-11,pro
user_178,2026-03-01,basic
user_179,2025-09-17,basic
user_180,2026-04-20,basic
user_181,2025-09-01,basic
user_182,2026-04-12,pro
user_183,2026-05-26,basic
user_184,2026-04-16,enterprise
user_185,2025-11-13,pro
user_186,2025-08-13,pro
user_187,2026-04-13,enterprise
user_188,2026-01-16,enterprise
user_189,2026-01-08,pro
user_190,2026-01-19,pro
user_191,2026-02-04,pro
user_192,2026-05-04,basic
user_193,2026-01-24,enterprise
user_194,2025-09-22,basic
user_195,2025-08-21,basic
user_196,2026-04-19,basic
user_197,2025-09-13,basic
user_198,2025-11-07,basic
user_199,2025-11-07,basic
user_200,2025-12-02,basic
user_201,2026-02-21,pro
user_202,2025-12-01,pro
user_203,2026-03-14,pro
user_204,2026-04-15,basic
user_205,2026-02-17,basic
user_206,2025-11-16,basic
user_207,2025-11-13,basic
user_208,2026-02-15,basic
user_209,2026-05-04,basic
user_210,2025-08-22,pro
user_211,2026-05-22,enterprise
user_212,2025-10-10,basic
user_213,2026-03-14,basic
user_214,2026-02-12,basic
user_215,2025-11-17,basic
user_216,2026-03-30,pro
user_217,2026-05-01,basic
user_218,2026-03-03,pro
user_219,2025-09-30,basic
user_220,2025-12-31,basic
user_221,2025-11-16,pro
user_222,2025-10-01,pro
user_223,2025-10-05,basic
user_224,2026-02-06,basic
user_225,2026-03-20,basic
user_226,2026-01-19,pro
user_227,2026-04-01,pro
user_228,2026-04-05,basic
user_229,2025-10-22,pro
user_230,2026-04-19,pro
user_231,2026-01-30,pro
user_232,2026-01-26,basic
user_233,2026-05-19,pro
user_234,2025-08-14,basic
user_235,2025-12-23,basic
user_236,2026-01-01,enterprise
user_237,2026-03-14,basic
user_238,2026-05-28,basic
user_239,2026-05-11,pro
user_240,2026-02-07,pro
user_241,2026-02-27,enterprise
user_242,2025-09-17,basic
user_243,2026-01-29,basic
user_244,2026-03-17,basic
user_245,2026-01-04,basic
user_246,2025-08-10,pro
user_247,2026-02-15,basic
user_248,2025-12-04,enterprise
user_249,2025-09-22,enterprise
user_250,2026-01-29,basic
user_251,2026-01-05,basic
user_252,2026-03-10,enterprise
user_253,2026-03-26,basic
user_254,2026-01-03,enterprise
user_255,2025-09-25,pro
user_256,2025-08-23,basic
user_257,2025-08-10,pro
user_258,2026-04-25,enterprise
user_259,2025-08-21,enterprise
user_260,2026-05-08,pro
user_261,2026-01-12,basic
user_262,2025-12-09,basic
user_263,2025-11-07,basic
user_264,2026-02-03,basic
user_265,2025-09-19,basic
user_266,2026-01-01,basic
user_267,2026-03-09,pro
user_268,2026-04-06,basic
user_269,2025-09-24,basic
user_270,2025-10-30,basic
user_271,2026-02-22,pro
user_272,2025-08-19,enterprise
user_273,2026-04-08,basic
user_274,2025-08-14,basic
user_275,2026-05-25,pro
user_276,2026-01-02,enterprise
user_277,2026-02-02,basic
user_278,2026-05-18,basic
user_279,2026-05-19,basic
user_280,2025-11-15,basic
user_281,2025-08-15,pro
user_282,2026-02-22,enterprise
user_283,2026-04-25,basic
user_284,2025-10-01,enterprise
user_285,2025-10-31,basic
user_286,2025-10-26,basic
user_287,2025-08-10,enterprise
user_288,2026-03-02,basic
user_289,2026-05-24,basic
user_290,2025-11-12,basic
user_291,2026-01-10,basic
user_292,2025-12-05,pro
user_293,2026-05-04,pro
user_294,2026-04-02,basic
user_295,2026-03-19,pro
user_296,2025-11-29,basic
user_297,2026-03-04,pro
user_298,2025-10-14,pro
user_299,2025-11-20,basic
user_300,2026-04-18,enterprise
user_301,2025-11-15,pro
user_302,2026-04-15,basic
user_303,2025-09-08,pro
user_304,2025-09-29,pro
user_305,2026-05-21,basic
user_306,2026-02-09,pro
user_307,2026-05-09,basic
user_308,2025-10-17,enterprise
user_309,2025-10-01,basic
user_310,2025-12-13,pro
user_311,2026-04-06,basic
user_312,2025-11-28,basic
user_313,2026-02-08,basic
user_314,2025-08-17,basic
user_315,2026-02-09,basic
user_316,2026-02-20,basic
user_317,2026-01-16,basic
user_318,2025-12-09,basic
user_319,2026-05-13,basic
user_320,2025-11-09,basic
user_321,2025-08-31,basic
user_322,2025-08-10,basic
user_323,2025-08-21,basic
user_324,2025-09-12,basic
user_325,2026-03-15,pro
user_326,2025-10-21,basic
user_327,2025-09-25,pro
user_328,2026-04-05,basic
user_329,2025-11-24,enterprise
user_330,2025-10-09,basic
user_331,2026-05-28,pro
user_332,2025-11-30,basic
user_333,2026-02-05,basic
user_334,2025-12-14,enterprise
user_335,2025-08-23,pro
user_336,2025-10-26,basic
user_337,2026-01-10,basic
user_338,2025-08-16,pro
user_339,2026-04-04,pro
user_340,2026-05-10,basic
user_341,2026-03-24,basic
user_342,2026-02-17,basic
user_343,2025-09-06,basic
user_344,2026-05-09,basic
user_345,2025-12-13,basic
user_346,2026-01-01,basic
user_347,2025-09-03,pro
user_348,2025-10-15,pro
user_349,2026-01-02,basic
user_350,2025-11-28,pro
user_351,2025-11-28,pro
user_352,2026-04-02,basic
user_353,2025-11-18,basic
user_354,2026-05-18,pro
user_355,2026-03-26,enterprise
user_356,2026-01-06,basic
user_357,2025-10-18,basic
user_358,2025-08-13,pro
user_359,2025-11-12,basic
user_360,2025-12-24,basic
user_361,2026-04-09,basic
user_362,2026-03-26,enterprise
user_363,2026-03-20,pro
user_364,2026-03-17,enterprise
user_365,2025-12-21,enterprise
user_366,2025-11-11,basic
user_367,2025-10-10,enterprise
user_368,2026-02-28,basic
user_369,2026-01-29,pro
user_370,2025-12-05,pro
user_371,2026-03-09,basic
user_372,2025-11-30,basic
user_373,2025-08-10,pro
user_374,2025-09-16,basic
user_375,2025-12-26,enterprise
user_376,2026-04-25,basic
user_377,2026-02-03,basic
user_378,2026-04-27,basic
user_379,2026-01-28,basic
user_380,2026-01-24,pro
user_381,2025-11-18,basic
user_382,2026-05-01,basic
user_383,2025-09-16,basic
user_384,2025-11-11,basic
user_385,2025-10-17,pro
user_386,2026-04-02,basic
user_387,2025-12-24,basic
user_388,2025-09-13,enterprise
user_389,2025-10-08,pro
user_390,2026-05-03,pro
user_391,2026-05-06,pro
user_392,2026-05-27,basic
user_393,2025-08-14,basic
user_394,2025-10-26,basic
user_395,2025-12-19,basic
user_396,2025-09-20,basic
user_397,2026-06-01,basic
user_398,2025-11-21,basic
user_399,2026-02-04,pro
user_400,2025-09-01,basic
user_401,2026-01-09,basic
user_402,2025-11-21,basic
user_403,2025-09-17,basic
user_404,2025-12-21,basic
user_405,2026-02-04,basic
user_406,2025-08-24,pro
user_407,2026-05-25,basic
user_408,2026-03-28,basic
user_409,2026-01-13,basic
user_410,2025-11-14,pro
user_411,2026-05-25,basic
user_412,2025-11-03,pro
user_413,2025-08-14,pro
user_414,2025-12-05,pro
user_415,2026-01-15,basic
user_416,2026-03-13,pro
user_417,2025-08-24,pro
user_418,2026-04-27,basic
user_419,2026-01-29,pro
user_420,2025-11-12,basic
user_421,2026-05-28,pro
user_422,2026-05-19,basic
user_423,2025-08-20,enterprise
user_424,2025-09-16,basic
user_425,2025-09-01,basic
user_426,2026-03-15,basic
user_427,2026-03-07,pro
user_428,2025-11-28,pro
user_429,2026-01-27,enterprise
user_430,2025-12-20,enterprise
user_431,2025-12-14,basic
user_432,2025-11-09,basic
user_433,2025-09-29,pro
user_434,2026-06-01,pro
user_435,2026-05-03,basic
user_436,2025-11-18,enterprise
user_437,2025-11-27,basic
user_438,2025-08-10,pro
user_439,2025-10-03,basic
user_440,2026-01-05,basic
user_441,2025-12-24,basic
user_442,2025-12-04,pro
user_443,2026-05-27,basic
user_444,2025-09-03,pro
user_445,2026-05-30,basic
user_446,2026-03-07,basic
user_447,2025-08-26,basic
user_448,2026-04-17,basic
user_449,2026-01-08,basic
user_450,2026-02-05,basic
user_451,2026-01-17,basic
user_452,2025-10-11,basic
user_453,2026-01-10,basic
user_454,2025-09-27,basic
user_455,2025-11-01,basic
user_456,2026-01-04,basic
user_457,2025-10-11,enterprise
user_458,2025-09-27,basic
user_459,2026-03-21,basic
user_460,2026-03-12,basic
user_461,2026-03-08,basic
user_462,2026-01-14,basic
user_463,2026-05-22,pro
user_464,2025-08-28,basic
user_465,2025-10-26,pro
user_466,2026-02-19,basic
user_467,2025-11-30,basic
user_468,2026-01-22,pro
user_469,2025-12-19,basic
user_470,2025-10-03,enterprise
user_471,2026-05-24,basic
user_472,2026-01-18,basic
user_473,2025-11-04,enterprise
user_474,2026-05-24,pro
user_475,2025-08-17,basic
user_476,2026-04-13,basic
user_477,2026-04-21,basic
user_478,2025-10-02,basic
user_479,2026-03-26,basic
user_480,2025-11-14,basic
user_481,2026-04-30,basic
user_482,2025-11-13,enterprise
user_483,2026-05-24,pro
user_484,2026-01-21,basic
user_485,2026-03-20,basic
user_486,2025-08-16,pro
user_487,2026-01-17,basic
user_488,2026-01-03,basic
user_489,2025-09-14,pro
user_490,2025-10-30,pro
user_491,2026-02-22,basic
user_492,2026-03-31,pro
user_493,2026-02-20,basic
user_494,2025-08-29,pro
user_495,2026-04-22,basic
user_496,2026-03-23,pro
user_497,2026-05-16,basic
user_498,2026-01-14,basic
user_499,2026-03-12,pro
user_500,2026-03-06,basic
user_501,2026-03-06,basic
user_502,2025-09-18,pro
user_503,2026-05-17,basic
user_504,2026-04-12,pro
user_505,2025-08-13,basic
user_506,2025-09-07,basic
user_507,2026-03-12,pro
user_508,2026-01-02,basic
user_509,2025-09-20,basic
user_510,2025-09-12,basic
user_511,2026-01-09,basic
user_512,2025-10-24,basic
user_513,2025-09-05,enterprise
user_514,2025-12-21,pro
user_515,2025-11-15,pro
user_516,2026-01-29,pro
user_517,2026-02-15,basic
user_518,2025-10-12,basic
user_519,2026-02-18,basic
user_520,2026-05-28,pro
user_521,2025-09-07,basic
user_522,2026-06-01,basic
user_523,2026-01-20,pro
user_524,2026-05-31,pro
user_525,2025-11-15,basic
user_526,2026-01-08,enterprise
user_527,2025-10-17,basic
user_528,2026-04-16,basic
user_529,2026-01-04,basic
user_530,2026-04-10,basic
user_531,2026-02-26,pro
user_532,2025-10-21,basic
user_533,2025-08-26,basic
user_534,2025-10-09,pro
user_535,2025-09-20,basic
user_536,2026-05-27,pro
user_537,2026-03-26,basic
user_538,2025-11-19,basic
user_539,2026-05-11,basic
user_540,2025-08-26,enterprise
user_541,2025-08-21,basic
user_542,2026-03-13,pro
user_543,2026-01-05,pro
user_544,2026-02-23,enterprise
user_545,2025-11-06,pro
user_546,2025-10-07,enterprise
user_547,2025-09-04,basic
user_548,2026-05-02,basic
user_549,2026-05-18,basic
user_550,2026-04-16,basic
user_551,2025-12-04,pro
user_552,2026-02-01,basic
user_553,2026-03-12,pro
user_554,2026-03-20,pro
user_555,2025-11-20,basic
user_556,2026-01-15,basic
user_557,2025-11-25,basic
user_558,2025-11-15,pro
user_559,2026-01-27,basic
user_560,2026-02-08,basic
user_561,2025-09-17,basic
user_562,2025-08-13,pro
user_563,2026-03-07,basic
user_564,2025-11-25,basic
user_565,2026-03-24,pro
user_566,2026-04-17,pro
user_567,2025-12-28,basic
user_568,2025-11-13,pro
user_569,2025-09-17,basic
user_570,2025-09-07,pro
user_571,2026-04-11,basic
user_572,2026-05-08,pro
user_573,2026-04-05,basic
user_574,2025-10-13,basic
user_575,2025-08-12,basic
user_576,2026-01-14,pro
user_577,2026-01-02,basic
user_578,2026-01-09,basic
user_579,2025-10-21,basic
user_580,2025-12-27,enterprise
user_581,2026-05-29,pro
user_582,2026-02-23,enterprise
user_583,2025-08-20,enterprise
user_584,2026-03-23,basic
user_585,2025-09-30,basic
user_586,2025-10-20,enterprise
user_587,2025-10-11,basic
user_588,2026-04-09,basic
user_589,2025-11-24,basic
user_590,2026-03-15,basic
user_591,2026-04-25,pro
user_592,2025-08-14,basic
user_593,2025-09-25,basic
user_594,2025-08-18,enterprise
user_595,2026-04-07,basic
user_596,2026-02-03,basic
user_597,2026-01-01,basic
user_598,2026-01-16,basic
user_599,2026-05-05,basic
user_600,2025-11-06,basic
user_601,2025-11-15,basic
user_602,2025-12-10,basic
user_603,2025-12-24,basic
user_604,2026-03-23,pro
user_605,2025-08-18,basic
user_606,2025-09-03,basic
user_607,2026-03-23,basic
user_608,2025-09-16,basic
user_609,2026-02-01,basic
user_610,2025-09-15,basic
user_611,2026-05-20,basic
user_612,2025-10-29,basic
user_613,2026-03-21,basic
user_614,2025-12-02,pro
user_615,2025-10-04,pro
user_616,2025-09-18,basic
user_617,2026-04-03,pro
user_618,2026-03-13,pro
user_619,2026-01-24,basic
user_620,2025-10-07,pro
user_621,2026-01-25,basic
user_622,2025-09-23,pro
user_623,2026-01-26,basic
user_624,2026-01-11,pro
user_625,2025-08-16,pro
user_626,2025-09-23,pro
user_627,2025-09-09,pro
user_628,2026-01-16,basic
user_629,2026-01-14,enterprise
user_630,2025-10-30,pro
user_631,2026-03-03,pro
user_632,2025-08-21,basic
user_633,2026-03-21,basic
user_634,2026-01-11,enterprise
user_635,2025-08-26,basic
user_636,2026-02-13,basic
user_637,2026-01-19,basic
user_638,2025-10-22,basic
user_639,2025-10-08,basic
user_640,2025-09-15,basic
user_641,2026-02-21,basic
user_642,2026-04-08,enterprise
user_643,2026-02-17,pro
user_644,2026-02-18,basic
user_645,2025-12-07,basic
user_646,2026-05-06,enterprise
user_647,2026-05-21,basic
user_648,2026-04-17,basic
user_649,2025-08-16,basic
user_650,2025-09-11,basic
user_651,2025-10-27,pro
user_652,2025-10-06,basic
user_653,2026-03-23,enterprise
user_654,2025-11-16,basic
user_655,2025-09-17,basic
user_656,2026-05-21,pro
user_657,2026-05-24,basic
user_658,2025-11-01,pro
user_659,2025-09-05,pro
user_660,2026-04-02,basic
user_661,2025-08-30,enterprise
user_662,2025-11-01,basic
user_663,2026-04-23,basic
user_664,2025-08-24,pro
user_665,2026-01-19,basic
user_666,2026-05-17,pro
user_667,2026-05-10,pro
user_668,2026-03-05,basic
user_669,2025-10-08,basic
user_670,2026-01-01,basic
user_671,2025-08-17,pro
user_672,2026-01-30,basic
user_673,2026-02-24,pro
user_674,2026-02-06,enterprise
user_675,2025-09-24,basic
user_676,2026-03-19,basic
user_677,2026-05-09,pro
user_678,2026-03-25,basic
user_679,2026-03-11,basic
user_680,2025-12-04,basic
user_681,2025-10-20,basic
user_682,2026-03-02,basic
user_683,2026-05-13,basic
user_684,2025-11-12,pro
user_685,2025-08-20,pro
user_686,2026-05-25,enterprise
user_687,2026-05-03,basic
user_688,2025-11-05,basic
user_689,2025-10-24,enterprise
user_690,2026-01-16,basic
user_691,2025-11-03,basic
user_692,2026-01-17,basic
user_693,2026-04-08,basic
user_694,2025-08-11,basic
user_695,2026-03-30,basic
user_696,2025-10-25,basic
user_697,2025-11-20,basic
user_698,2025-11-07,pro
user_699,2025-12-30,basic
user_700,2025-12-10,basic
user_701,2026-04-28,pro
user_702,2026-03-20,basic
user_703,2026-03-01,pro
user_704,2026-02-03,pro
user_705,2025-11-01,basic
user_706,2026-04-17,basic
user_707,2025-11-01,basic
user_708,2025-08-31,basic
user_709,2025-08-12,basic
user_710,2026-02-13,pro
user_711,2025-08-21,basic
user_712,2025-09-03,pro
user_713,2025-12-09,basic
user_714,2026-04-04,basic
user_715,2026-03-18,pro
user_716,2026-02-08,basic
user_717,2026-06-05,basic
user_718,2026-03-08,basic
user_719,2025-10-07,pro
user_720,2026-02-27,basic
user_721,2025-11-10,basic
user_722,2026-03-04,basic
user_723,2026-03-10,pro
user_724,2025-09-02,basic
user_725,2025-08-13,pro
user_726,2025-08-29,basic
user_727,2025-09-28,pro
user_728,2025-11-13,basic
user_729,2026-04-16,pro
user_730,2026-03-25,pro
user_731,2026-04-28,pro
user_732,2026-04-09,basic
user_733,2026-04-12,basic
user_734,2025-12-18,pro
user_735,2025-09-18,pro
user_736,2026-03-22,basic
user_737,2025-08-17,basic
user_738,2025-11-04,pro
user_739,2025-08-23,enterprise
user_740,2026-05-29,pro
user_741,2025-09-19,basic
user_742,2025-11-28,basic
user_743,2026-03-28,basic
user_744,2025-12-17,basic
user_745,2026-01-01,basic
user_746,2025-09-06,basic
user_747,2026-03-26,basic
user_748,2026-01-20,enterprise
user_749,2026-05-23,basic
user_750,2026-02-20,basic
user_751,2025-10-28,basic
user_752,2026-05-02,pro
user_753,2026-04-23,basic
user_754,2026-04-30,pro
user_755,2025-08-10,basic
user_756,2026-05-20,basic
user_757,2026-01-31,pro
user_758,2026-01-21,pro
user_759,2025-12-07,pro
user_760,2026-01-12,pro
user_761,2025-11-25,basic
user_762,2025-12-17,basic
user_763,2026-05-29,enterprise
user_764,2026-05-21,pro
user_765,2025-09-13,basic
user_766,2026-04-11,basic
user_767,2026-01-17,basic
user_768,2026-03-03,pro
user_769,2026-05-12,enterprise
user_770,2026-03-13,pro
user_771,2025-12-13,enterprise
user_772,2026-05-21,pro
user_773,2026-03-20,basic
user_774,2026-02-03,basic
user_775,2026-05-30,basic
user_776,2025-12-13,basic
user_777,2026-03-31,pro
user_778,2025-08-17,enterprise
user_779,2025-12-16,pro
user_780,2026-01-13,basic
user_781,2025-08-14,enterprise
user_782,2026-01-31,pro
user_783,2025-12-06,enterprise
user_784,2025-12-01,basic
user_785,2025-09-04,pro
user_786,2026-03-29,pro
user_787,2026-05-25,pro
user_788,2026-05-23,pro
user_789,2025-10-01,pro
user_790,2025-11-07,basic
user_791,2026-02-17,basic
user_792,2025-10-21,pro
user_793,2025-11-06,pro
user_794,2025-10-21,basic
user_795,2026-01-15,pro
user_796,2025-11-15,basic
user_797,2025-12-19,pro
user_798,2025-10-30,pro
user_799,2026-05-15,basic
user_800,2025-12-16,basic
user_801,2025-11-06,basic
user_802,2025-10-13,basic
user_803,2026-02-24,basic
user_804,2025-11-10,basic
user_805,2026-03-21,basic
user_806,2025-11-19,basic
user_807,2025-11-27,pro
user_808,2026-05-01,basic
user_809,2026-05-18,enterprise
user_810,2025-12-04,pro
user_811,2026-01-09,basic
user_812,2026-05-29,basic
user_813,2026-03-25,pro
user_814,2025-08-30,basic
user_815,2025-12-04,pro
user_816,2026-05-17,pro
user_817,2025-09-29,basic
user_818,2026-05-13,basic
user_819,2026-05-11,basic
user_820,2025-09-30,pro
user_821,2026-01-13,pro
user_822,2026-05-27,basic
user_823,2025-11-23,pro
user_824,2026-01-02,basic
user_825,2025-10-25,basic
user_826,2026-04-29,pro
user_827,2025-10-22,pro
user_828,2026-01-15,pro
user_829,2026-04-07,basic
user_830,2026-06-03,enterprise
user_831,2025-11-01,basic
user_832,2026-04-29,pro
user_833,2026-01-28,basic
user_834,2025-09-25,enterprise
user_835,2025-12-05,basic
user_836,2026-03-17,basic
user_837,2025-08-18,pro
user_838,2025-12-08,pro
user_839,2025-10-20,pro
user_840,2025-09-27,basic
user_841,2026-05-29,basic
user_842,2026-01-08,pro
user_843,2025-10-08,pro
user_844,2026-01-02,pro
user_845,2026-04-08,basic
user_846,2025-09-27,pro
user_847,2026-03-23,basic
user_848,2026-01-05,basic
user_849,2026-05-29,pro
user_850,2026-01-16,pro
user_851,2025-10-26,pro
user_852,2026-04-20,basic
user_853,2026-05-27,basic
user_854,2026-01-02,basic
user_855,2025-12-12,pro
user_856,2026-04-07,basic
user_857,2026-05-16,basic
user_858,2025-08-28,pro
user_859,2025-11-19,basic
user_860,2026-01-23,pro
user_861,2025-09-14,basic
user_862,2026-01-20,basic
user_863,2025-12-23,basic
user_864,2025-10-18,basic
user_865,2026-02-21,basic
user_866,2025-12-17,pro
user_867,2025-09-05,pro
user_868,2026-04-30,pro
user_869,2025-09-28,pro
user_870,2026-06-05,basic
user_871,2026-04-25,basic
user_872,2025-12-17,enterprise
user_873,2026-04-24,basic
user_874,2026-05-27,pro
user_875,2026-05-22,basic
user_876,2026-01-06,basic
user_877,2025-09-14,enterprise
user_878,2026-05-23,pro
user_879,2026-03-05,basic
user_880,2026-01-14,basic
user_881,2025-08-21,basic
user_882,2025-12-23,pro
user_883,2025-12-31,basic
user_884,2026-05-15,basic
user_885,2025-11-21,basic
user_886,2026-04-14,basic
user_887,2025-12-08,pro
user_888,2025-11-01,pro
user_889,2026-03-28,pro
user_890,2026-05-08,basic
user_891,2026-03-23,basic
user_892,2026-05-28,basic
user_893,2025-12-01,basic
user_894,2026-04-24,enterprise
user_895,2026-02-05,basic
user_896,2026-01-10,pro
user_897,2026-04-28,enterprise
user_898,2025-12-30,enterprise
user_899,2025-11-18,basic
user_900,2025-08-21,enterprise
user_901,2025-09-20,basic
user_902,2026-05-27,pro
user_903,2026-01-14,pro
user_904,2025-10-15,pro
user_905,2025-08-23,basic
user_906,2026-01-19,basic
user_907,2025-12-17,basic
user_908,2026-03-03,enterprise
user_909,2026-04-22,enterprise
user_910,2026-05-17,basic
user_911,2026-05-25,enterprise
user_912,2026-05-06,basic
user_913,2026-04-04,basic
user_914,2025-09-03,pro
user_915,2025-09-03,basic
user_916,2026-01-29,basic
user_917,2026-05-24,basic
user_918,2025-11-09,basic
user_919,2025-08-29,basic
user_920,2026-01-16,basic
user_921,2026-04-20,pro
user_922,2026-01-07,basic
user_923,2025-08-14,pro
user_924,2026-05-02,basic
user_925,2026-05-03,pro
user_926,2025-10-04,basic
user_927,2025-10-31,basic
user_928,2026-01-05,basic
user_929,2026-02-15,basic
user_930,2026-04-29,pro
user_931,2026-04-18,pro
user_932,2026-04-26,enterprise
user_933,2026-05-09,basic
user_934,2026-03-18,pro
user_935,2025-12-11,pro
user_936,2026-02-03,basic
user_937,2025-12-03,basic
user_938,2026-04-22,basic
user_939,2025-08-16,basic
user_940,2025-08-23,basic
user_941,2025-11-03,enterprise
user_942,2026-02-08,basic
user_943,2026-03-16,basic
user_944,2026-03-27,basic
user_945,2025-12-25,pro
user_946,2025-10-13,basic
user_947,2026-04-08,pro
user_948,2026-02-06,pro
user_949,2026-01-29,basic
user_950,2026-02-13,pro
user_951,2026-04-22,basic
user_952,2026-05-18,basic
user_953,2025-09-12,basic
user_954,2026-04-18,pro
user_955,2026-03-24,basic
user_956,2025-09-20,pro
user_957,2025-11-30,enterprise
user_958,2025-08-26,pro
user_959,2025-12-16,pro
user_960,2025-09-26,basic
user_961,2025-08-19,enterprise
user_962,2026-03-29,basic
user_963,2026-02-28,basic
user_964,2026-04-30,pro
user_965,2026-02-25,basic
user_966,2026-01-29,basic
user_967,2025-11-04,pro
user_968,2026-02-25,basic
user_969,2025-09-21,pro
user_970,2026-01-08,basic
user_971,2026-01-04,pro
user_972,2026-03-25,basic
user_973,2026-03-08,pro
user_974,2025-09-06,basic
user_975,2026-04-27,basic
user_976,2025-08-17,basic
user_977,2025-09-16,basic
user_978,2026-03-17,pro
user_979,2025-12-23,pro
user_980,2025-09-27,basic
user_981,2025-10-26,basic
user_982,2026-03-14,basic
user_983,2026-02-15,pro
user_984,2026-05-02,pro
user_985,2025-12-27,basic
user_986,2026-04-24,pro
user_987,2026-02-06,enterprise
user_988,2026-05-24,pro
user_989,2026-03-23,basic
user_990,2026-05-07,basic
user_991,2026-02-08,basic
user_992,2025-12-11,basic
user_993,2025-12-01,enterprise
user_994,2026-03-10,pro
user_995,2026-01-30,basic
user_996,2025-12-09,pro
user_997,2025-12-06,pro
user_998,2026-05-04,enterprise
user_999,2025-08-27,pro
user_1000,2026-01-05,enterprise
user_1001,2026-04-04,pro
user_1002,2026-04-02,basic
user_1003,2026-04-22,basic
user_1004,2026-04-01,basic
user_1005,2026-05-21,pro
user_1006,2026-04-24,basic
user_1007,2026-05-19,enterprise
user_1008,2025-11-05,basic
user_1009,2026-05-14,basic
user_1010,2026-02-14,pro
user_1011,2025-08-12,basic
user_1012,2025-08-28,basic
user_1013,2025-09-08,pro
user_1014,2026-05-17,pro
user_1015,2025-11-28,basic
user_1016,2026-02-11,basic
user_1017,2025-12-16,pro
user_1018,2025-08-12,enterprise
user_1019,2025-11-21,basic
user_1020,2025-08-19,pro
user_1021,2026-03-28,pro
user_1022,2025-10-14,basic
user_1023,2025-08-22,basic
user_1024,2025-11-03,pro
user_1025,2025-10-02,pro
user_1026,2025-08-23,pro
user_1027,2025-08-29,basic
user_1028,2026-04-09,pro
user_1029,2025-10-18,pro
user_1030,2025-11-18,basic
user_1031,2025-11-28,basic
user_1032,2025-08-29,pro
user_1033,2026-03-24,basic
user_1034,2026-03-27,basic
user_1035,2026-02-27,pro
user_1036,2026-04-26,basic
user_1037,2025-08-29,basic
user_1038,2025-10-19,basic
user_1039,2025-08-23,pro
user_1040,2026-03-26,basic
user_1041,2025-10-03,pro
user_1042,2026-04-20,basic
user_1043,2026-01-14,pro
user_1044,2026-01-15,basic
user_1045,2026-03-08,basic
user_1046,2025-11-26,pro
user_1047,2025-12-04,pro
user_1048,2026-02-17,basic
user_1049,2026-01-29,basic
user_1050,2026-02-08,pro
user_1051,2026-01-02,basic
user_1052,2025-11-30,basic
user_1053,2026-04-17,pro
user_1054,2025-12-05,pro
user_1055,2026-02-23,pro
user_1056,2026-04-06,basic
user_1057,2026-02-23,enterprise
user_1058,2025-12-11,basic
user_1059,2025-12-24,enterprise
user_1060,2025-10-09,enterprise
user_1061,2026-04-25,basic
user_1062,2025-11-30,basic
user_1063,2025-12-05,basic
user_1064,2025-09-29,enterprise
user_1065,2025-09-13,basic
user_1066,2025-10-17,pro
user_1067,2025-09-27,basic
user_1068,2026-02-17,basic
user_1069,2025-10-18,pro
user_1070,2025-12-13,pro
user_1071,2025-12-16,pro
user_1072,2025-11-17,pro
user_1073,2026-02-07,basic
user_1074,2026-02-13,basic
user_1075,2025-11-01,pro
user_1076,2025-09-14,basic
user_1077,2025-11-23,basic
user_1078,2026-03-17,basic
user_1079,2026-03-17,pro
user_1080,2026-02-07,basic
user_1081,2026-03-14,pro
user_1082,2025-09-22,basic
user_1083,2026-03-25,basic
user_1084,2025-11-01,pro
user_1085,2025-08-30,basic
user_1086,2025-08-16,basic
user_1087,2026-01-16,pro
user_1088,2026-01-04,basic
user_1089,2026-02-24,basic
user_1090,2026-01-10,basic
user_1091,2025-12-29,pro
user_1092,2025-08-30,basic
user_1093,2025-12-18,pro
user_1094,2026-01-17,basic
user_1095,2026-02-21,basic
user_1096,2025-11-03,basic
user_1097,2025-10-29,enterprise
user_1098,2025-10-09,pro
user_1099,2025-09-21,basic
user_1100,2025-11-03,basic
user_1101,2025-11-15,basic
user_1102,2026-02-23,pro
user_1103,2025-08-14,enterprise
user_1104,2025-11-29,basic
user_1105,2025-11-15,pro
user_1106,2025-12-12,pro
user_1107,2025-10-24,basic
user_1108,2026-05-30,pro
user_1109,2025-12-25,enterprise
user_1110,2026-04-09,pro
user_1111,2025-09-10,basic
user_1112,2025-08-29,basic
user_1113,2025-10-16,pro
user_1114,2026-03-11,basic
user_1115,2026-03-29,pro
user_1116,2026-03-11,basic
user_1117,2026-05-06,basic
user_1118,2026-01-24,enterprise
user_1119,2025-09-04,basic
user_1120,2025-10-14,basic
user_1121,2026-04-20,basic
user_1122,2025-09-22,basic
user_1123,2026-03-24,basic
user_1124,2026-05-15,pro
user_1125,2026-02-03,basic
user_1126,2026-02-22,enterprise
user_1127,2026-05-04,basic
user_1128,2026-06-02,basic
user_1129,2025-11-02,basic
user_1130,2025-09-25,basic
user_1131,2026-04-04,basic
user_1132,2025-09-20,basic
user_1133,2026-05-04,basic
user_1134,2026-04-25,pro
user_1135,2025-09-18,basic
user_1136,2026-03-17,basic
user_1137,2025-08-17,pro
user_1138,2026-02-01,basic
user_1139,2026-04-26,pro
user_1140,2026-04-12,pro
user_1141,2025-12-24,pro
user_1142,2025-08-25,enterprise
user_1143,2025-11-26,enterprise
user_1144,2025-08-30,pro
user_1145,2026-01-18,basic
user_1146,2025-11-19,enterprise
user_1147,2025-10-07,basic
user_1148,2026-05-19,pro
user_1149,2025-12-18,basic
user_1150,2026-05-17,pro
user_1151,2026-01-10,basic
user_1152,2025-12-20,enterprise
user_1153,2026-05-01,pro
user_1154,2025-12-21,pro
user_1155,2026-03-10,basic
user_1156,2025-12-18,pro
user_1157,2026-05-22,basic
user_1158,2026-05-13,basic
user_1159,2026-03-15,basic
user_1160,2026-01-19,basic
user_1161,2025-09-19,pro
user_1162,2025-10-23,pro
user_1163,2026-02-01,basic
user_1164,2026-05-09,pro
user_1165,2025-12-26,pro
user_1166,2026-05-25,basic
user_1167,2026-05-08,basic
user_1168,2026-04-14,basic
user_1169,2026-02-26,pro
user_1170,2025-08-10,pro
user_1171,2025-12-15,pro
user_1172,2025-08-13,pro
user_1173,2026-05-30,basic
user_1174,2025-08-30,basic
user_1175,2025-12-04,basic
user_1176,2025-12-29,enterprise
user_1177,2025-09-17,pro
user_1178,2026-04-18,pro
user_1179,2026-03-07,pro
user_1180,2025-12-21,pro
user_1181,2025-11-08,basic
user_1182,2025-09-24,basic
user_1183,2025-11-17,basic
user_1184,2026-02-15,basic
user_1185,2025-09-08,pro
user_1186,2025-11-01,basic
user_1187,2026-05-06,enterprise
user_1188,2026-03-12,basic
user_1189,2025-10-31,enterprise
user_1190,2026-05-11,pro
user_1191,2026-01-29,enterprise
user_1192,2025-10-11,basic
user_1193,2025-12-11,pro
user_1194,2026-05-11,pro
user_1195,2025-12-07,pro
user_1196,2026-01-20,basic
user_1197,2026-05-22,basic
user_1198,2026-01-17,basic
user_1199,2025-11-06,pro
user_1200,2026-03-24,basic
user_1201,2026-03-19,basic
user_1202,2025-10-16,pro
user_1203,2025-08-11,pro
user_1204,2025-11-27,basic
user_1205,2025-12-07,basic
user_1206,2026-02-08,basic
user_1207,2025-10-10,pro
user_1208,2026-01-14,basic
user_1209,2026-05-03,enterprise
user_1210,2025-09-28,basic
user_1211,2026-01-05,basic
user_1212,2026-05-12,basic
user_1213,2026-01-28,basic
user_1214,2026-02-26,enterprise
user_1215,2025-09-13,pro
user_1216,2026-03-13,enterprise
user_1217,2025-08-17,basic
user_1218,2025-10-24,basic
user_1219,2025-08-24,pro
user_1220,2025-09-04,basic
user_1221,2026-03-29,enterprise
user_1222,2025-09-16,basic
user_1223,2026-01-13,pro
user_1224,2025-09-06,basic
user_1225,2025-10-24,basic
user_1226,2026-02-19,basic
user_1227,2026-04-23,basic
user_1228,2026-04-28,pro
user_1229,2026-03-07,basic
user_1230,2026-05-04,pro
user_1231,2026-05-19,basic
user_1232,2025-11-10,basic
user_1233,2025-12-29,pro
user_1234,2026-04-03,basic
user_1235,2026-02-02,basic
user_1236,2025-09-27,basic
user_1237,2026-02-15,pro
user_1238,2025-11-07,basic
user_1239,2026-04-11,basic
user_1240,2025-11-23,basic
user_1241,2026-03-30,basic
user_1242,2025-09-15,basic
user_1243,2025-08-26,basic
user_1244,2025-10-07,basic
user_1245,2025-09-19,basic
user_1246,2026-02-17,pro
user_1247,2026-01-03,basic
user_1248,2025-12-14,basic
user_1249,2025-08-10,basic
user_1250,2025-08-28,basic
user_1251,2025-11-26,pro
user_1252,2026-04-06,basic
user_1253,2025-11-07,enterprise
user_1254,2026-04-16,pro
user_1255,2026-01-09,pro
user_1256,2026-01-14,basic
user_1257,2026-03-12,basic
user_1258,2026-01-02,basic
user_1259,2026-01-17,basic
user_1260,2025-10-30,basic
user_1261,2026-04-05,basic
user_1262,2025-11-01,enterprise
user_1263,2026-04-09,basic
user_1264,2026-04-24,pro
user_1265,2025-11-22,pro
user_1266,2026-05-02,basic
user_1267,2025-09-29,enterprise
user_1268,2025-09-17,pro
user_1269,2025-11-01,pro
user_1270,2025-12-04,enterprise
user_1271,2026-01-22,pro
user_1272,2026-06-01,pro
user_1273,2026-05-04,basic
user_1274,2026-03-10,pro
user_1275,2025-12-14,basic
user_1276,2026-05-15,pro
user_1277,2026-05-30,pro
user_1278,2025-11-24,basic
user_1279,2025-11-16,basic
user_1280,2025-10-21,basic
user_1281,2025-12-09,basic
user_1282,2026-05-24,pro
user_1283,2026-01-12,basic
user_1284,2025-09-19,basic
user_1285,2025-10-23,basic
user_1286,2025-12-05,pro
user_1287,2026-01-23,basic
user_1288,2026-01-12,basic
user_1289,2026-02-21,basic
user_1290,2026-02-18,enterprise
user_1291,2026-05-11,basic
user_1292,2025-12-13,basic
user_1293,2026-05-30,pro
user_1294,2026-02-01,basic
user_1295,2026-03-01,basic
user_1296,2025-09-09,pro
user_1297,2025-10-15,enterprise
user_1298,2026-04-26,basic
user_1299,2026-03-31,basic
user_1300,2026-04-28,pro
user_1301,2026-04-11,basic
user_1302,2025-12-09,basic
user_1303,2026-01-26,basic
user_1304,2025-09-13,pro
user_1305,2026-02-21,enterprise
user_1306,2026-02-26,enterprise
user_1307,2025-10-25,pro
user_1308,2025-12-13,basic
user_1309,2025-11-26,enterprise
user_1310,2026-05-14,basic
user_1311,2026-01-21,basic
user_1312,2026-01-18,basic
user_1313,2025-09-20,pro
user_1314,2025-11-26,basic
user_1315,2025-08-30,enterprise
user_1316,2025-11-09,basic
user_1317,2025-12-12,basic
user_1318,2025-11-28,pro
user_1319,2026-05-09,pro
user_1320,2025-11-21,basic
user_1321,2026-01-08,pro
user_1322,2026-01-21,pro
user_1323,2025-08-17,basic
user_1324,2026-01-01,pro
user_1325,2026-01-03,basic
user_1326,2025-11-08,enterprise
user_1327,2026-05-03,basic
user_1328,2025-09-25,pro
user_1329,2026-01-05,pro
user_1330,2025-08-14,pro
user_1331,2025-08-29,basic
user_1332,2025-08-21,enterprise
user_1333,2026-01-03,basic
user_1334,2025-11-25,basic
user_1335,2025-10-18,basic
user_1336,2026-04-16,basic
user_1337,2025-10-23,basic
user_1338,2026-03-13,basic
user_1339,2026-02-28,enterprise
user_1340,2026-04-08,pro
user_1341,2026-03-16,basic
user_1342,2026-01-31,pro
user_1343,2026-04-26,pro
user_1344,2026-01-19,basic
user_1345,2025-12-03,basic
user_1346,2026-03-22,pro
user_1347,2026-01-03,basic
user_1348,2025-08-22,enterprise
user_1349,2026-02-14,enterprise
user_1350,2026-03-05,pro
user_1351,2025-08-31,pro
user_1352,2026-01-27,pro
user_1353,2026-06-03,pro
user_1354,2026-05-13,basic
user_1355,2026-02-19,basic
user_1356,2025-09-13,basic
user_1357,2025-10-05,pro
user_1358,2026-01-19,enterprise
user_1359,2026-04-30,enterprise
user_1360,2025-09-08,basic
user_1361,2025-10-13,basic
user_1362,2025-09-15,pro
user_1363,2025-09-15,basic
user_1364,2025-12-23,pro
user_1365,2025-12-15,pro
user_1366,2026-04-23,pro
user_1367,2026-02-19,basic
user_1368,2025-09-01,basic
user_1369,2026-04-26,basic
user_1370,2025-10-23,basic
user_1371,2026-04-25,pro
user_1372,2026-01-29,pro
user_1373,2025-09-23,enterprise
user_1374,2025-12-10,pro
user_1375,2025-10-14,basic
user_1376,2026-01-18,pro
user_1377,2025-12-31,basic
user_1378,2025-08-22,pro
user_1379,2026-05-26,basic
user_1380,2026-03-12,enterprise
user_1381,2025-10-03,enterprise
user_1382,2026-03-18,basic
user_1383,2026-05-31,basic
user_1384,2026-03-30,basic
user_1385,2026-05-05,pro
user_1386,2025-10-01,basic
user_1387,2026-05-17,basic
user_1388,2026-02-08,basic
user_1389,2025-10-22,basic
user_1390,2025-10-02,basic
user_1391,2026-01-16,basic
user_1392,2026-02-03,pro
user_1393,2025-10-01,pro
user_1394,2025-08-31,basic
user_1395,2026-04-26,basic
user_1396,2026-04-30,basic
user_1397,2025-12-06,basic
user_1398,2026-05-26,basic
user_1399,2025-12-14,basic
user_1400,2026-03-01,basic
user_1401,2026-04-07,basic
user_1402,2026-01-10,pro
user_1403,2026-03-11,pro
user_1404,2025-11-05,pro
user_1405,2026-01-13,enterprise
user_1406,2025-12-08,basic
user_1407,2026-01-03,basic
user_1408,2026-01-18,basic
user_1409,2025-11-17,enterprise
user_1410,2025-12-28,basic
user_1411,2026-02-23,basic
user_1412,2026-02-04,basic
user_1413,2026-02-11,basic
user_1414,2026-03-14,pro
user_1415,2026-01-31,basic
user_1416,2026-04-01,pro
user_1417,2025-09-02,pro
user_1418,2026-05-09,pro
user_1419,2026-05-17,basic
user_1420,2025-08-30,basic
user_1421,2026-03-08,pro
user_1422,2026-06-03,basic
user_1423,2025-09-06,pro
user_1424,2026-01-02,pro
user_1425,2026-03-24,basic
user_1426,2025-08-22,basic
user_1427,2025-11-17,pro
user_1428,2025-08-25,basic
user_1429,2026-01-22,basic
user_1430,2025-11-17,pro
user_1431,2026-01-29,basic
user_1432,2026-03-13,enterprise
user_1433,2026-05-28,pro
user_1434,2025-09-06,enterprise
user_1435,2026-01-05,pro
user_1436,2025-10-13,pro
user_1437,2026-04-18,basic
user_1438,2025-08-22,basic
user_1439,2025-12-05,pro
user_1440,2025-10-01,basic
user_1441,2025-10-01,pro
user_1442,2025-08-22,basic
user_1443,2026-05-16,pro
user_1444,2025-12-25,basic
user_1445,2025-11-28,basic
user_1446,2026-05-04,basic
user_1447,2025-09-02,pro
user_1448,2026-03-25,basic
user_1449,2026-03-27,pro
user_1450,2025-12-06,pro
user_1451,2026-01-31,basic
user_1452,2025-11-09,enterprise
user_1453,2026-05-19,basic
user_1454,2026-01-26,pro
user_1455,2026-03-19,basic
user_1456,2025-12-21,basic
user_1457,2026-03-21,basic
user_1458,2025-09-11,pro
user_1459,2025-08-16,basic
user_1460,2025-12-13,basic
user_1461,2026-03-05,basic
user_1462,2025-12-22,pro
user_1463,2026-01-16,pro
user_1464,2026-03-22,pro
user_1465,2025-09-23,basic
user_1466,2025-12-19,pro
user_1467,2026-01-13,basic
user_1468,2026-03-02,pro
user_1469,2026-03-15,basic
user_1470,2025-11-21,enterprise
user_1471,2025-12-20,basic
user_1472,2025-12-30,basic
user_1473,2026-05-14,basic
user_1474,2025-10-07,pro
user_1475,2026-02-24,basic
user_1476,2025-09-04,pro
user_1477,2026-05-03,enterprise
user_1478,2025-10-16,basic
user_1479,2025-09-27,enterprise
user_1480,2025-11-19,basic
user_1481,2026-02-13,basic
user_1482,2026-01-15,pro
user_1483,2026-04-08,pro
user_1484,2025-08-14,basic
user_1485,2026-04-14,basic
user_1486,2026-03-23,basic
user_1487,2025-10-09,enterprise
user_1488,2025-09-24,basic
user_1489,2026-05-30,enterprise
user_1490,2026-03-07,basic
user_1491,2026-03-20,basic
user_1492,2025-08-15,basic
user_1493,2026-04-01,pro
user_1494,2026-03-06,enterprise
user_1495,2025-09-28,pro
user_1496,2026-01-12,pro
user_1497,2026-01-25,basic
user_1498,2026-04-18,enterprise
user_1499,2026-02-12,enterprise
user_1500,2025-12-26,basic
user_1501,2026-05-10,basic
user_1502,2026-01-10,basic
user_1503,2025-11-25,pro
user_1504,2025-10-07,basic
user_1505,2026-05-09,enterprise
user_1506,2026-04-11,enterprise
user_1507,2026-04-13,basic
user_1508,2025-08-17,pro
user_1509,2025-11-11,pro
user_1510,2025-09-17,pro
user_1511,2025-11-01,basic
user_1512,2025-11-10,basic
user_1513,2025-12-24,pro
user_1514,2025-09-14,basic
user_1515,2026-01-12,basic
user_1516,2026-01-27,basic
user_1517,2026-01-26,basic
user_1518,2025-10-03,pro
user_1519,2025-11-08,basic
user_1520,2026-01-11,basic
user_1521,2025-12-28,basic
user_1522,2026-03-25,basic
user_1523,2026-04-14,enterprise
user_1524,2025-09-12,enterprise
user_1525,2026-01-16,basic
user_1526,2026-04-07,pro
user_1527,2025-12-04,basic
user_1528,2025-11-16,enterprise
user_1529,2025-11-08,basic
user_1530,2025-08-26,pro
user_1531,2025-12-03,basic
user_1532,2026-02-06,basic
user_1533,2025-12-01,enterprise
user_1534,2026-01-10,enterprise
user_1535,2025-12-03,basic
user_1536,2026-02-28,pro
user_1537,2026-02-18,basic
user_1538,2026-04-03,basic
user_1539,2025-10-16,basic
user_1540,2025-12-26,basic
user_1541,2026-01-05,basic
user_1542,2026-05-18,pro
user_1543,2025-11-26,basic
user_1544,2026-01-10,pro
user_1545,2025-12-19,pro
user_1546,2025-11-01,basic
user_1547,2025-12-03,basic
user_1548,2025-09-19,basic
user_1549,2025-11-29,pro
user_1550,2026-05-07,pro
user_1551,2026-02-20,basic
user_1552,2026-05-19,pro
user_1553,2026-02-14,pro
user_1554,2025-09-02,basic
user_1555,2025-08-13,basic
user_1556,2026-02-06,basic
user_1557,2026-05-15,enterprise
user_1558,2026-04-20,basic
user_1559,2026-01-25,basic
user_1560,2026-04-15,basic
user_1561,2025-12-25,basic
user_1562,2025-11-20,basic
user_1563,2026-03-09,basic
user_1564,2026-02-04,basic
user_1565,2025-09-16,pro
user_1566,2026-04-05,basic
user_1567,2025-09-08,basic
user_1568,2025-09-03,basic
user_1569,2026-03-03,basic
user_1570,2025-09-25,pro
user_1571,2025-09-17,basic
user_1572,2025-08-31,basic
user_1573,2026-01-05,basic
user_1574,2026-05-08,basic
user_1575,2026-05-23,pro
user_1576,2025-09-10,basic
user_1577,2026-04-21,basic
user_1578,2025-12-26,pro
user_1579,2026-03-11,basic
user_1580,2025-09-26,basic
user_1581,2026-01-09,basic
user_1582,2025-11-19,pro
user_1583,2026-02-16,basic
user_1584,2026-05-28,enterprise
user_1585,2025-11-05,basic
user_1586,2026-05-07,pro
user_1587,2026-02-23,enterprise
user_1588,2026-01-23,pro
user_1589,2025-10-29,basic
user_1590,2026-01-25,basic
user_1591,2025-12-28,basic
user_1592,2026-04-11,pro
user_1593,2025-10-11,pro
user_1594,2026-01-31,basic
user_1595,2026-02-17,basic
user_1596,2026-05-07,basic
user_1597,2025-12-15,enterprise
user_1598,2025-09-21,pro
user_1599,2025-10-26,pro
user_1600,2026-05-06,pro
user_1601,2026-04-13,basic
user_1602,2026-01-24,basic
user_1603,2026-02-18,basic
user_1604,2025-08-22,enterprise
user_1605,2026-01-03,basic
user_1606,2025-09-21,pro
user_1607,2026-01-04,pro
user_1608,2026-01-07,basic
user_1609,2025-08-31,pro
user_1610,2025-08-16,basic
user_1611,2025-12-01,pro
user_1612,2025-10-31,pro
user_1613,2025-12-11,basic
user_1614,2025-08-21,basic
user_1615,2026-05-19,basic
user_1616,2025-11-14,basic
user_1617,2025-10-17,basic
user_1618,2025-10-07,basic
user_1619,2025-09-28,basic
user_1620,2025-08-28,pro
user_1621,2025-09-25,basic
user_1622,2026-05-25,pro
user_1623,2026-02-07,pro
user_1624,2026-03-12,basic
user_1625,2025-12-15,pro
user_1626,2026-04-14,enterprise
user_1627,2026-05-16,basic
user_1628,2026-02-27,enterprise
user_1629,2026-03-15,basic
user_1630,2026-02-27,basic
user_1631,2025-08-15,basic
user_1632,2026-01-25,pro
user_1633,2026-03-16,basic
user_1634,2025-10-19,basic
user_1635,2026-05-02,basic
user_1636,2026-05-27,basic
user_1637,2025-12-11,basic
user_1638,2026-01-22,enterprise
user_1639,2026-05-31,basic
user_1640,2026-03-27,basic
user_1641,2025-09-19,basic
user_1642,2025-11-25,basic
user_1643,2026-05-26,pro
user_1644,2025-12-21,basic
user_1645,2026-05-02,basic
user_1646,2025-09-26,basic
user_1647,2025-11-17,basic
user_1648,2026-04-24,pro
user_1649,2025-10-13,basic
user_1650,2026-05-02,pro
user_1651,2026-01-06,enterprise
user_1652,2026-04-14,basic
user_1653,2025-11-15,basic
user_1654,2026-05-20,pro
user_1655,2025-10-16,enterprise
user_1656,2025-12-24,basic
user_1657,2025-12-25,basic
user_1658,2026-04-03,pro
user_1659,2026-05-24,basic
user_1660,2026-01-22,basic
user_1661,2026-05-19,basic
user_1662,2026-04-10,pro
user_1663,2025-12-14,pro
user_1664,2026-05-07,pro
user_1665,2025-10-21,basic
user_1666,2026-04-14,basic
user_1667,2025-09-21,pro
user_1668,2026-01-26,pro
user_1669,2026-01-24,pro
user_1670,2026-04-11,pro
user_1671,2025-09-25,basic
user_1672,2026-03-22,basic
user_1673,2025-10-17,basic
user_1674,2026-05-26,basic
user_1675,2025-10-09,basic
user_1676,2026-01-17,pro
user_1677,2025-11-11,enterprise
user_1678,2025-12-25,pro
user_1679,2025-12-14,pro
user_1680,2025-10-25,pro
user_1681,2025-11-08,basic
user_1682,2026-02-04,pro
user_1683,2026-03-06,enterprise
user_1684,2025-11-24,basic
user_1685,2026-05-20,enterprise
user_1686,2025-09-15,pro
user_1687,2025-10-04,pro
user_1688,2026-04-24,pro
user_1689,2025-12-10,pro
user_1690,2026-01-24,basic
user_1691,2026-04-18,basic
user_1692,2025-11-09,basic
user_1693,2025-10-11,basic
user_1694,2025-12-26,basic
user_1695,2026-03-02,basic
user_1696,2026-04-22,basic
user_1697,2025-11-05,enterprise
user_1698,2026-03-04,basic
user_1699,2025-08-12,basic
user_1700,2026-04-08,basic
user_1701,2025-11-19,basic
user_1702,2025-12-20,pro
user_1703,2025-08-30,pro
user_1704,2025-11-26,pro
user_1705,2025-10-31,basic
user_1706,2025-10-17,basic
user_1707,2025-12-27,basic
user_1708,2026-03-31,basic
user_1709,2026-05-13,pro
user_1710,2025-09-30,pro
user_1711,2026-04-03,basic
user_1712,2025-09-10,pro
user_1713,2025-09-14,pro
user_1714,2026-02-02,basic
user_1715,2026-05-31,basic
user_1716,2026-03-10,enterprise
user_1717,2025-08-15,basic
user_1718,2025-09-13,basic
user_1719,2025-12-05,pro
user_1720,2025-11-04,pro
user_1721,2026-03-11,basic
user_1722,2026-04-05,pro
user_1723,2025-12-28,pro
user_1724,2025-11-29,basic
user_1725,2026-04-13,basic
user_1726,2025-12-21,pro
user_1727,2025-11-11,basic
user_1728,2026-05-25,basic
user_1729,2025-12-13,basic
user_1730,2025-12-09,basic
user_1731,2025-12-02,basic
user_1732,2026-02-26,basic
user_1733,2025-08-20,basic
user_1734,2026-04-13,basic
user_1735,2025-12-14,basic
user_1736,2026-01-08,pro
user_1737,2025-12-24,basic
user_1738,2025-08-28,pro
user_1739,2026-01-31,pro
user_1740,2025-12-28,pro
user_1741,2025-11-10,basic
user_1742,2026-03-02,pro
user_1743,2026-04-11,basic
user_1744,2026-05-31,basic
user_1745,2026-05-18,basic
user_1746,2026-05-05,basic
user_1747,2025-08-16,pro
user_1748,2025-11-20,basic
user_1749,2026-04-07,pro
user_1750,2026-01-27,basic
user_1751,2026-04-19,basic
user_1752,2025-09-07,pro
user_1753,2026-05-18,basic
user_1754,2025-09-03,pro
user_1755,2025-10-21,basic
user_1756,2025-11-10,pro
user_1757,2025-12-05,pro
user_1758,2026-03-03,basic
user_1759,2026-01-03,pro
user_1760,2026-05-07,basic
user_1761,2026-02-06,basic
user_1762,2025-10-05,pro
user_1763,2025-09-26,basic
user_1764,2025-12-23,pro
user_1765,2026-03-01,basic
user_1766,2026-05-28,pro
user_1767,2025-12-03,pro
user_1768,2026-01-29,basic
user_1769,2025-09-23,enterprise
user_1770,2025-08-29,enterprise
user_1771,2025-12-10,basic
user_1772,2025-08-12,basic
user_1773,2025-09-18,basic
user_1774,2025-10-10,basic
user_1775,2025-10-08,pro
user_1776,2025-12-09,basic
user_1777,2025-11-13,basic
user_1778,2026-04-01,pro
user_1779,2026-04-22,basic
user_1780,2026-01-15,pro
user_1781,2026-03-04,basic
user_1782,2025-12-23,basic
user_1783,2026-05-31,pro
user_1784,2026-03-06,basic
user_1785,2026-03-08,pro
user_1786,2025-09-07,basic
user_1787,2025-11-09,basic
user_1788,2026-03-17,basic
user_1789,2026-03-12,pro
user_1790,2026-05-13,pro
user_1791,2026-05-28,pro
user_1792,2026-04-11,pro
user_1793,2026-01-26,basic
user_1794,2026-05-03,basic
user_1795,2025-08-17,basic
user_1796,2025-09-18,basic
user_1797,2025-11-11,pro
user_1798,2025-12-25,basic
user_1799,2026-03-04,basic
user_1800,2026-03-15,pro
user_1801,2026-05-15,pro
user_1802,2026-03-21,basic
user_1803,2025-10-10,pro
user_1804,2026-04-05,pro
user_1805,2026-03-19,basic
user_1806,2026-01-29,pro
user_1807,2025-11-27,basic
user_1808,2026-05-14,basic
user_1809,2026-03-04,pro
user_1810,2026-05-15,enterprise
user_1811,2026-03-01,basic
user_1812,2026-04-23,basic
user_1813,2025-08-31,basic
user_1814,2025-11-13,basic
user_1815,2025-08-14,pro
user_1816,2026-02-03,pro
user_1817,2026-03-14,pro
user_1818,2026-02-12,basic
user_1819,2026-04-21,enterprise
user_1820,2025-11-21,pro
user_1821,2026-04-24,pro
user_1822,2026-02-07,pro
user_1823,2025-09-16,basic
user_1824,2026-05-12,enterprise
user_1825,2026-05-23,pro
user_1826,2025-10-09,pro
user_1827,2026-01-19,basic
user_1828,2026-04-19,basic
user_1829,2026-05-27,basic
user_1830,2026-02-12,pro
user_1831,2026-05-27,basic
user_1832,2025-12-01,pro
user_1833,2026-02-08,pro
user_1834,2026-04-01,basic
user_1835,2025-08-12,pro
user_1836,2025-12-12,basic
user_1837,2025-09-03,basic
user_1838,2025-09-07,pro
user_1839,2026-01-27,pro
user_1840,2025-10-09,basic
user_1841,2026-05-12,basic
user_1842,2025-12-26,enterprise
user_1843,2026-02-08,pro
user_1844,2026-02-16,basic
user_1845,2025-09-29,basic
user_1846,2025-09-28,pro
user_1847,2025-11-30,basic
user_1848,2026-01-22,basic
user_1849,2026-02-28,enterprise
user_1850,2026-02-14,pro
user_1851,2025-10-03,pro
user_1852,2025-10-23,basic
user_1853,2025-12-20,basic
user_1854,2025-10-07,pro
user_1855,2026-02-07,basic
user_1856,2025-10-12,pro
user_1857,2026-02-18,basic
user_1858,2026-03-11,basic
user_1859,2026-03-06,pro
user_1860,2025-12-29,basic
user_1861,2025-11-29,basic
user_1862,2025-10-07,pro
user_1863,2026-05-04,basic
user_1864,2025-08-29,enterprise
user_1865,2025-12-18,pro
user_1866,2025-11-07,basic
user_1867,2026-05-29,pro
user_1868,2026-05-28,basic
user_1869,2025-10-23,basic
user_1870,2026-06-04,basic
user_1871,2025-08-17,basic
user_1872,2026-03-06,pro
user_1873,2025-12-03,basic
user_1874,2026-04-01,basic
user_1875,2025-09-23,enterprise
user_1876,2026-01-11,pro
user_1877,2025-11-05,pro
user_1878,2025-10-21,enterprise
user_1879,2026-03-09,basic
user_1880,2026-04-05,pro
user_1881,2026-04-30,enterprise
user_1882,2026-03-19,basic
user_1883,2026-03-28,basic
user_1884,2026-05-04,pro
user_1885,2025-10-12,pro
user_1886,2025-08-20,pro
user_1887,2025-10-19,basic
user_1888,2026-05-26,basic
user_1889,2025-09-28,basic
user_1890,2025-09-30,basic
user_1891,2025-11-01,enterprise
user_1892,2025-12-13,basic
user_1893,2025-10-20,basic
user_1894,2025-10-04,basic
user_1895,2025-11-27,pro
user_1896,2025-11-10,basic
user_1897,2025-10-08,pro
user_1898,2025-09-06,basic
user_1899,2025-12-12,basic
user_1900,2025-09-14,basic
user_1901,2025-11-03,pro
user_1902,2026-01-22,pro
user_1903,2026-05-14,basic
user_1904,2025-08-20,basic
user_1905,2025-11-13,basic
user_1906,2026-02-17,basic
user_1907,2025-12-15,basic
user_1908,2025-11-29,basic
user_1909,2026-01-01,basic
user_1910,2026-03-20,basic
user_1911,2025-11-23,basic
user_1912,2026-03-23,basic
user_1913,2025-11-06,basic
user_1914,2025-11-23,basic
user_1915,2026-01-23,basic
user_1916,2025-09-10,pro
user_1917,2026-01-04,basic
user_1918,2025-10-30,basic
user_1919,2026-02-26,basic
user_1920,2025-09-16,pro
user_1921,2026-04-15,pro
user_1922,2025-08-27,basic
user_1923,2026-05-31,basic
user_1924,2026-03-21,basic
user_1925,2026-03-26,basic
user_1926,2025-10-25,basic
user_1927,2026-05-06,pro
user_1928,2025-12-19,enterprise
user_1929,2025-10-20,basic
user_1930,2026-01-16,basic
user_1931,2026-02-16,basic
user_1932,2026-03-17,basic
user_1933,2025-12-18,basic
user_1934,2026-03-23,enterprise
user_1935,2025-11-13,enterprise
user_1936,2026-02-25,basic
user_1937,2026-02-10,pro
user_1938,2025-09-10,pro
user_1939,2026-04-22,basic
user_1940,2026-02-02,pro
user_1941,2026-04-21,basic
user_1942,2025-12-14,basic
user_1943,2026-04-20,basic
user_1944,2025-11-01,basic
user_1945,2025-08-22,pro
user_1946,2025-12-01,basic
user_1947,2026-03-02,basic
user_1948,2026-05-09,basic
user_1949,2026-03-16,basic
user_1950,2026-01-30,pro
user_1951,2025-11-28,enterprise
user_1952,2026-03-26,basic
user_1953,2026-02-14,basic
user_1954,2025-08-11,pro
user_1955,2026-05-22,enterprise
user_1956,2025-11-13,basic
user_1957,2026-04-04,pro
user_1958,2026-05-05,pro
user_1959,2025-11-11,basic
user_1960,2025-10-03,pro
user_1961,2025-12-03,pro
user_1962,2026-02-05,basic
user_1963,2025-10-01,basic
user_1964,2026-02-05,basic
user_1965,2025-12-24,pro
user_1966,2025-08-10,pro
user_1967,2025-11-15,basic
user_1968,2026-05-24,basic
user_1969,2026-04-03,basic
user_1970,2025-10-20,enterprise
user_1971,2026-05-04,basic
user_1972,2026-03-29,basic
user_1973,2025-12-26,basic
user_1974,2026-05-09,basic
user_1975,2026-03-18,pro
user_1976,2025-10-04,basic
user_1977,2025-11-19,basic
user_1978,2026-02-17,basic
user_1979,2026-02-25,pro
user_1980,2026-03-24,basic
user_1981,2026-01-05,enterprise
user_1982,2025-10-11,basic
user_1983,2026-01-12,basic
user_1984,2025-08-15,pro
user_1985,2025-09-06,pro
user_1986,2025-12-06,basic
user_1987,2026-04-10,pro
user_1988,2026-03-15,enterprise
user_1989,2026-01-20,enterprise
user_1990,2025-10-06,pro
user_1991,2025-11-22,basic
user_1992,2026-02-13,enterprise
user_1993,2026-02-11,basic
user_1994,2026-04-04,basic
user_1995,2026-05-20,basic
user_1996,2026-03-07,enterprise
user_1997,2025-11-14,enterprise
user_1998,2026-03-05,basic
user_1999,2025-12-24,basic
